Blood_CD-vs-Blood_Control
Blood_CD-vs-Blood_PIBD
Blood_CD-vs-Blood_UC
Blood_PIBD-vs-Blood_Control
Blood_UC-vs-Blood_Control
Blood_UC-vs-Blood_PIBD
Colon_CD-vs-Colon_Control
Colon_CD-vs-Colon_PIBD
Colon_fibroblasts_CD-vs-Colon_fibroblasts_Control
Colon_PIBD-vs-Colon_Control
Colon_UC-vs-Colon_CD
Colon_UC-vs-Colon_Control
Colon_UC-vs-Colon_PIBD
Ileum_CD-vs-Ileum_Control
Ileum_CD-vs-Ileum_UC
Ileum_UC-vs-Ileum_Control
Mesenteric_fat_CD-vs-Mesenteric_fat_Control
Rectum_CD-vs-Rectum_Control
Rectum_UC-vs-Rectum_CD
Rectum_UC-vs-Rectum_Control
Stools_CD-vs-Stools_Control
Stools_CD-vs-Stools_UC
Stools_UC-vs-Stools_Control
